state_action,q_value
"((2.0,), 0)",40.53372786423211
"((2.0,), 0.5)",39.91271466209311
"((2.0,), 1)",39.27364935034813
