state_action,q_value
"((1.5,), 0)",30.604035624866317
"((1.5,), 0.5)",30.175048093563856
"((1.5,), 1)",29.7091690391718
