state_action,q_value
"((1.0,), 0)",20.732201621735243
"((1.0,), 0.5)",20.436576777037715
"((1.0,), 1)",20.111532200177425
