state_action,q_value
"((0.5,), 0)",10.754366493108286
"((0.5,), 0.5)",10.527752099726154
"((0.5,), 1)",10.465343572729912
