state_action,q_value
"((2.0,), 0)",40.62859197433376
"((2.0,), 0.5)",39.979126064271924
"((2.0,), 1)",39.37284411089196
