state_action,q_value
"((0.5,), 0)",10.837051016565038
"((0.5,), 0.5)",10.659831966784896
"((0.5,), 1)",10.544737833662829
