state_action,q_value
"((1.5,), 0)",30.704758184989203
"((1.5,), 0.5)",30.16988799395537
"((1.5,), 1)",29.720971747329255
