state_action,q_value
"((1.0,), 0)",20.672556448570393
"((1.0,), 0.5)",20.428566294580154
"((1.0,), 1)",20.153897384025825
