state_action,q_value
"((0.5,), 0)",10.839614599930846
"((0.5,), 0.5)",10.64879920332521
"((0.5,), 1)",10.532799773791025
