state_action,q_value
"((2.0,), 0)",40.48849139245448
"((2.0,), 0.5)",39.94190368946848
"((2.0,), 1)",39.297240592936284
