state_action,q_value
"((1.5,), 0)",30.615134993913777
"((1.5,), 0.5)",30.172915397978354
"((1.5,), 1)",29.70268591165818
