state_action,q_value
"((1.0,), 0)",20.724525476801603
"((1.0,), 0.5)",20.411349085283067
"((1.0,), 1)",20.109709890026647
