state_action,q_value
"((1.5,), 0)",30.674459155463182
"((1.5,), 0.5)",30.18288776342503
"((1.5,), 1)",29.71606146038379
