state_action,q_value
"((0.5,), 0)",10.874511444384002
"((0.5,), 0.5)",10.658598410694754
"((0.5,), 1)",10.555560304996904
