state_action,q_value
"((1.0,), 0)",20.714415934613154
"((1.0,), 0.5)",20.446540137006675
"((1.0,), 1)",20.108663172557314
