state_action,q_value
"((2.0,), 0)",40.60968943488732
"((2.0,), 0.5)",39.95657964201852
"((2.0,), 1)",39.324168849135496
