state_action,q_value
"((1.0,), 0)",84.88345036535219
"((1.0,), 0.5)",84.95307480885785
"((1.0,), 1)",85.76607179494944
