state_action,q_value
"((2.0,), 0)",86.0171229782954
"((2.0,), 0.5)",85.61730459682914
"((2.0,), 1)",86.39703671996955
