state_action,q_value
"((1.5,), 0)",84.95108499243148
"((1.5,), 0.5)",85.23237677023872
"((1.5,), 1)",85.90736121791629
