state_action,q_value
"((0.5,), 0)",84.22870106294963
"((0.5,), 0.5)",84.14512099200775
"((0.5,), 1)",85.69139182884923
