state_action,q_value
"((1.5,), 0)",84.65333302486863
"((1.5,), 0.5)",84.79662441965633
"((1.5,), 1)",85.64641751014841
