state_action,q_value
"((1.0,), 0)",84.0477625463626
"((1.0,), 0.5)",84.05765817060876
"((1.0,), 1)",85.22558321059032
