state_action,q_value
"((0.5,), 0)",83.63996333024569
"((0.5,), 0.5)",83.36539720083789
"((0.5,), 1)",84.9983789534992
