state_action,q_value
"((2.0,), 0)",85.0754015777704
"((2.0,), 0.5)",84.76693750698263
"((2.0,), 1)",85.7737285795034
