state_action,q_value
"((1.0,), 0)",84.88391484648812
"((1.0,), 0.5)",84.79054075215252
"((1.0,), 1)",85.59608864013578
