state_action,q_value
"((1.5,), 0)",85.55748769419853
"((1.5,), 0.5)",85.67354419268742
"((1.5,), 1)",85.90169085744827
