state_action,q_value
"((0.5,), 0)",84.77120601561698
"((0.5,), 0.5)",84.34912393842691
"((0.5,), 1)",85.41286275871266
