state_action,q_value
"((2.0,), 0)",85.99418981123709
"((2.0,), 0.5)",85.63541350946913
"((2.0,), 1)",86.14183958554409
