state_action,q_value
"((1.5,), 0)",84.60209748066625
"((1.5,), 0.5)",84.50343608506279
"((1.5,), 1)",84.94669471385697
