state_action,q_value
"((0.5,), 0)",83.52487273080689
"((0.5,), 0.5)",83.66399157688478
"((0.5,), 1)",84.16901001910875
