state_action,q_value
"((2.0,), 0)",85.2218336974975
"((2.0,), 0.5)",85.22752233527616
"((2.0,), 1)",85.41743354659576
