state_action,q_value
"((1.0,), 0)",84.15228340091264
"((1.0,), 0.5)",84.19192706490347
"((1.0,), 1)",84.4601725198039
