state_action,q_value
"((0.5,), 0)",83.37014200958406
"((0.5,), 0.5)",83.55634928165803
"((0.5,), 1)",85.81378254480047
