state_action,q_value
"((2.0,), 0)",85.04805092248849
"((2.0,), 0.5)",85.53888276564533
"((2.0,), 1)",86.30489265615098
