state_action,q_value
"((1.0,), 0)",83.68627501340144
"((1.0,), 0.5)",84.46708448074108
"((1.0,), 1)",85.97023323908739
