state_action,q_value
"((1.5,), 0)",84.3592295078673
"((1.5,), 0.5)",84.06005152811568
"((1.5,), 1)",86.18351308821966
