state_action,q_value
"((1.5,), 0)",84.09476932713196
"((1.5,), 0.5)",84.60683278121861
"((1.5,), 1)",85.82752175674538
