state_action,q_value
"((0.5,), 0)",83.4286693315227
"((0.5,), 0.5)",83.40700972837611
"((0.5,), 1)",85.3634256734009
