state_action,q_value
"((2.0,), 0)",84.98576567787671
"((2.0,), 0.5)",85.09202845527568
"((2.0,), 1)",86.07948268725386
