state_action,q_value
"((1.0,), 0)",83.77758729573141
"((1.0,), 0.5)",84.17171706162225
"((1.0,), 1)",85.66644866448272
