state_action,q_value
"((0.5,), 0)",80.12868737589422
"((0.5,), 0.5)",80.49202097500559
"((0.5,), 1)",84.12428549408898
