state_action,q_value
"((1.5,), 0)",82.39164013201297
"((1.5,), 0.5)",82.70845203477067
"((1.5,), 1)",84.86264060610057
