state_action,q_value
"((2.0,), 0)",83.680962853735
"((2.0,), 0.5)",83.75319778198806
"((2.0,), 1)",85.63104508614497
