state_action,q_value
"((1.0,), 0)",81.13933865114487
"((1.0,), 0.5)",81.396938868004
"((1.0,), 1)",84.60063513625371
