state_action,q_value
"((0.5,), 0)",83.99074147291036
"((0.5,), 0.5)",84.0353579312924
"((0.5,), 1)",85.64083411321397
