state_action,q_value
"((2.0,), 0)",85.2890278122187
"((2.0,), 0.5)",85.30816978875521
"((2.0,), 1)",86.34719647245127
