state_action,q_value
"((1.0,), 0)",83.96908648498994
"((1.0,), 0.5)",83.91342100216605
"((1.0,), 1)",85.76208398125044
