state_action,q_value
"((1.5,), 0)",84.52800125917598
"((1.5,), 0.5)",85.14445872810694
"((1.5,), 1)",86.10180155005833
