state_action,q_value
"((0.5,), 0)",84.34512305627895
"((0.5,), 0.5)",84.12044988447887
"((0.5,), 1)",85.75227635039808
