state_action,q_value
"((1.0,), 0)",84.30212898328134
"((1.0,), 0.5)",84.172274090643
"((1.0,), 1)",85.92907273874208
