state_action,q_value
"((2.0,), 0)",85.29288372523747
"((2.0,), 0.5)",84.82179481740631
"((2.0,), 1)",86.25018854529382
