state_action,q_value
"((1.5,), 0)",84.68266919228182
"((1.5,), 0.5)",84.56798600232992
"((1.5,), 1)",86.16396117357021
