state_action,q_value
"((1.5,), 0)",85.19974179984632
"((1.5,), 0.5)",85.25078973564202
"((1.5,), 1)",85.75638227214321
