state_action,q_value
"((0.5,), 0)",84.19272839743597
"((0.5,), 0.5)",84.58119810517705
"((0.5,), 1)",85.23322029983265
