state_action,q_value
"((2.0,), 0)",85.87815714371028
"((2.0,), 0.5)",85.67204740913057
"((2.0,), 1)",86.16482453665915
