state_action,q_value
"((1.0,), 0)",84.4459298305294
"((1.0,), 0.5)",84.64685249440417
"((1.0,), 1)",85.5471365496787
