state_action,q_value
"((2.0,), 0)",40.68872009497508
"((2.0,), 0.5)",40.30880346439131
"((2.0,), 1)",39.80100790907918
