state_action,q_value
"((1.5,), 0)",30.83596234595345
"((1.5,), 0.5)",30.542756137099097
"((1.5,), 1)",30.120833769995798
