state_action,q_value
"((0.5,), 0)",11.0303183469309
"((0.5,), 0.5)",10.87341904901117
"((0.5,), 1)",10.727579562274883
