state_action,q_value
"((1.0,), 0)",20.969599997532352
"((1.0,), 0.5)",20.767530770670685
"((1.0,), 1)",20.49067464200654
