state_action,q_value
"((1.5,), 0)",30.91167270801123
"((1.5,), 0.5)",30.49741708428609
"((1.5,), 1)",30.133081796001072
