state_action,q_value
"((2.0,), 0)",40.94441829078583
"((2.0,), 0.5)",40.29740727929964
"((2.0,), 1)",39.82962255939098
