state_action,q_value
"((1.0,), 0)",21.05020783212194
"((1.0,), 0.5)",20.76031689019955
"((1.0,), 1)",20.547218288249052
