state_action,q_value
"((0.5,), 0)",11.214890656844393
"((0.5,), 0.5)",10.992330875104024
"((0.5,), 1)",10.817610893316662
