state_action,q_value
"((0.5,), 0)",80.26001927977941
"((0.5,), 0.5)",80.23840621733044
"((0.5,), 1)",80.45946600656931
