state_action,q_value
"((2.0,), 0)",83.45701422378778
"((2.0,), 0.5)",83.28072982113926
"((2.0,), 1)",84.2142609803289
