state_action,q_value
"((1.5,), 0)",82.00147206100685
"((1.5,), 0.5)",81.80200271593733
"((1.5,), 1)",82.88255692488636
