state_action,q_value
"((1.0,), 0)",81.5628835585324
"((1.0,), 0.5)",81.53540116572516
"((1.0,), 1)",82.68732019075468
