state_action,q_value
"((1.0,), 0)",82.6814514657427
"((1.0,), 0.5)",83.01895380218116
"((1.0,), 1)",85.37174951642689
