state_action,q_value
"((0.5,), 0)",82.10054383500734
"((0.5,), 0.5)",81.69169488593421
"((0.5,), 1)",85.03159837781142
