state_action,q_value
"((2.0,), 0)",84.27416935334303
"((2.0,), 0.5)",84.32204908403723
"((2.0,), 1)",85.93269277750815
