state_action,q_value
"((1.5,), 0)",83.07470137166999
"((1.5,), 0.5)",83.38561733629487
"((1.5,), 1)",85.50854120987277
