state_action,q_value
"((1.5,), 0)",30.598620555150408
"((1.5,), 0.5)",30.20040684871689
"((1.5,), 1)",29.69717631419702
