state_action,q_value
"((1.0,), 0)",20.681260377378173
"((1.0,), 0.5)",20.469991055645803
"((1.0,), 1)",20.14179034319065
