state_action,q_value
"((0.5,), 0)",10.785787256047344
"((0.5,), 0.5)",10.677482398696213
"((0.5,), 1)",10.596407732756905
