state_action,q_value
"((2.0,), 0)",40.58702016866574
"((2.0,), 0.5)",39.94663413678029
"((2.0,), 1)",39.32764390656486
