state_action,q_value
"((0.5,), 0)",10.808388832763125
"((0.5,), 0.5)",10.707512548821569
"((0.5,), 1)",10.571355371635129
