state_action,q_value
"((2.0,), 0)",40.552588788036466
"((2.0,), 0.5)",39.91886380905216
"((2.0,), 1)",39.28038422895079
