state_action,q_value
"((1.0,), 0)",20.714911914567338
"((1.0,), 0.5)",20.445049763459906
"((1.0,), 1)",20.10247218722412
