state_action,q_value
"((1.5,), 0)",30.64080307438127
"((1.5,), 0.5)",30.23206811492564
"((1.5,), 1)",29.72692367493841
