state_action,q_value
"((2.0,), 0)",40.80973671549986
"((2.0,), 0.5)",40.29546063144233
"((2.0,), 1)",39.78085807774066
