state_action,q_value
"((0.5,), 0)",11.172480199714224
"((0.5,), 0.5)",11.013273626393996
"((0.5,), 1)",10.931571450801817
