state_action,q_value
"((1.5,), 0)",30.892603720266134
"((1.5,), 0.5)",30.530280983435897
"((1.5,), 1)",30.192611297725332
