state_action,q_value
"((1.0,), 0)",21.03022168790863
"((1.0,), 0.5)",20.73614058632795
"((1.0,), 1)",20.510833818286095
