state_action,q_value
"((1.5,), 0)",30.90260445479095
"((1.5,), 0.5)",30.500892862675972
"((1.5,), 1)",30.1735226488899
