state_action,q_value
"((1.0,), 0)",21.106432500840594
"((1.0,), 0.5)",20.908673483021552
"((1.0,), 1)",20.618641078867253
