state_action,q_value
"((0.5,), 0)",11.21469839997206
"((0.5,), 0.5)",11.075598400642095
"((0.5,), 1)",10.972492444465274
