state_action,q_value
"((2.0,), 0)",40.754474333381864
"((2.0,), 0.5)",40.34873831688221
"((2.0,), 1)",39.82325822447006
