state_action,q_value
"((1.0,), 0)",21.15076600177881
"((1.0,), 0.5)",20.715201308673144
"((1.0,), 1)",20.478228658223305
