state_action,q_value
"((2.0,), 0)",40.815153371949975
"((2.0,), 0.5)",40.26046134073932
"((2.0,), 1)",39.74542918952213
