state_action,q_value
"((0.5,), 0)",11.228319416703687
"((0.5,), 0.5)",10.98651135414554
"((0.5,), 1)",10.830396812215946
