state_action,q_value
"((1.5,), 0)",30.94855375394936
"((1.5,), 0.5)",30.509566693141398
"((1.5,), 1)",30.122355538297878
