state_action,q_value
"((2.0,), 0)",40.80733605401823
"((2.0,), 0.5)",40.283126267389896
"((2.0,), 1)",39.77377964509463
