state_action,q_value
"((1.5,), 0)",31.059530190475343
"((1.5,), 0.5)",30.51777014678742
"((1.5,), 1)",30.152690982831448
