state_action,q_value
"((0.5,), 0)",11.166578292152163
"((0.5,), 0.5)",10.930682045278346
"((0.5,), 1)",10.849899296503917
