state_action,q_value
"((1.0,), 0)",21.17343665461639
"((1.0,), 0.5)",20.786847207327
"((1.0,), 1)",20.587026977263804
