state_action,q_value
"((1.0,), 0)",20.83947212602054
"((1.0,), 0.5)",20.443673715339095
"((1.0,), 1)",20.131299071825012
