state_action,q_value
"((1.5,), 0)",30.722832737318168
"((1.5,), 0.5)",30.15849860910676
"((1.5,), 1)",29.697278557090023
