state_action,q_value
"((0.5,), 0)",10.941657979368793
"((0.5,), 0.5)",10.688461540697194
"((0.5,), 1)",10.558458763113856
