state_action,q_value
"((2.0,), 0)",40.57474110715396
"((2.0,), 0.5)",39.9700829325559
"((2.0,), 1)",39.35775662761932
