state_action,q_value
"((1.0,), 0)",20.680722974160208
"((1.0,), 0.5)",20.429199670748023
"((1.0,), 1)",20.163847757236883
