state_action,q_value
"((2.0,), 0)",40.486925292888664
"((2.0,), 0.5)",39.96532737869973
"((2.0,), 1)",39.38491950140994
