state_action,q_value
"((0.5,), 0)",10.778040509971392
"((0.5,), 0.5)",10.673843299622304
"((0.5,), 1)",10.58047086820665
