state_action,q_value
"((1.5,), 0)",30.590810217986306
"((1.5,), 0.5)",30.212939898115877
"((1.5,), 1)",29.80396522905588
