state_action,q_value
"((2.0,), 0)",40.567309523287385
"((2.0,), 0.5)",39.93865408957742
"((2.0,), 1)",39.31858224532109
