state_action,q_value
"((1.0,), 0)",20.737370863018153
"((1.0,), 0.5)",20.4632286452458
"((1.0,), 1)",20.136221479937227
