state_action,q_value
"((1.5,), 0)",30.593564370593242
"((1.5,), 0.5)",30.26067597268301
"((1.5,), 1)",29.74113333548591
