state_action,q_value
"((0.5,), 0)",10.664687423728521
"((0.5,), 0.5)",10.524723529481147
"((0.5,), 1)",10.42653056499894
