state_action,q_value
"((1.5,), 0)",30.746883577928106
"((1.5,), 0.5)",30.266064703317568
"((1.5,), 1)",29.80013666823261
