state_action,q_value
"((0.5,), 0)",10.929057555552209
"((0.5,), 0.5)",10.813073765284523
"((0.5,), 1)",10.662897474150599
