state_action,q_value
"((2.0,), 0)",40.607782415863525
"((2.0,), 0.5)",40.00735887102165
"((2.0,), 1)",39.35475550973801
