state_action,q_value
"((1.0,), 0)",20.813910604402448
"((1.0,), 0.5)",20.57337325902093
"((1.0,), 1)",20.23001670395385
