state_action,q_value
"((1.0,), 0)",20.77553879396909
"((1.0,), 0.5)",20.43944040094466
"((1.0,), 1)",20.109753682669968
