state_action,q_value
"((2.0,), 0)",40.54340463295545
"((2.0,), 0.5)",39.90291075248523
"((2.0,), 1)",39.34360344464987
