state_action,q_value
"((1.5,), 0)",30.676884081857267
"((1.5,), 0.5)",30.165071040831588
"((1.5,), 1)",29.706169505414437
