state_action,q_value
"((0.5,), 0)",10.901466526595264
"((0.5,), 0.5)",10.714795562818727
"((0.5,), 1)",10.550372704285333
