state_action,q_value
"((0.5,), 0)",10.69250168474408
"((0.5,), 0.5)",10.556660095645634
"((0.5,), 1)",10.43297232505072
