state_action,q_value
"((1.0,), 0)",20.59878950468141
"((1.0,), 0.5)",20.425466844929012
"((1.0,), 1)",20.05538833018744
