state_action,q_value
"((1.5,), 0)",30.535074355534245
"((1.5,), 0.5)",30.153671281230256
"((1.5,), 1)",29.669272069575577
