state_action,q_value
"((2.0,), 0)",40.48631954016722
"((2.0,), 0.5)",39.88416998189582
"((2.0,), 1)",39.24524028964525
