state_action,q_value
"((2.0,), 0)",40.7810626374438
"((2.0,), 0.5)",40.252516681118685
"((2.0,), 1)",39.73106916653053
