state_action,q_value
"((1.0,), 0)",21.08438626483356
"((1.0,), 0.5)",20.786247959598434
"((1.0,), 1)",20.5180910409963
