state_action,q_value
"((0.5,), 0)",11.205180105718258
"((0.5,), 0.5)",10.96408273297807
"((0.5,), 1)",10.88252967669355
