state_action,q_value
"((1.5,), 0)",30.96654553707208
"((1.5,), 0.5)",30.552093564523698
"((1.5,), 1)",30.17053427916229
