state_action,q_value
"((0.5,), 0)",11.160876779290602
"((0.5,), 0.5)",10.876696121150191
"((0.5,), 1)",10.835105079481014
