state_action,q_value
"((1.5,), 0)",30.92526989937308
"((1.5,), 0.5)",30.503805787253185
"((1.5,), 1)",30.145929611729244
