state_action,q_value
"((1.0,), 0)",21.096685892370672
"((1.0,), 0.5)",20.74856461943486
"((1.0,), 1)",20.52081606834367
