state_action,q_value
"((2.0,), 0)",40.819505365229425
"((2.0,), 0.5)",40.26091063341882
"((2.0,), 1)",39.77389510785936
