state_action,q_value
"((2.0,), 0)",40.7068434685128
"((2.0,), 0.5)",40.236627076476445
"((2.0,), 1)",39.75269025173836
