state_action,q_value
"((1.5,), 0)",31.00847330913467
"((1.5,), 0.5)",30.53396666326452
"((1.5,), 1)",30.192877353578034
