state_action,q_value
"((0.5,), 0)",11.16070777690305
"((0.5,), 0.5)",11.078646531304312
"((0.5,), 1)",10.932385014650905
