state_action,q_value
"((1.0,), 0)",21.085999195983117
"((1.0,), 0.5)",20.815955245056234
"((1.0,), 1)",20.512628223919183
