state_action,q_value
"((2.0,), 0)",40.58371133641159
"((2.0,), 0.5)",40.22608667620771
"((2.0,), 1)",39.73322523680005
