state_action,q_value
"((1.0,), 0)",20.915016859331317
"((1.0,), 0.5)",20.76435375969658
"((1.0,), 1)",20.512226803160008
