state_action,q_value
"((1.5,), 0)",30.876555149560097
"((1.5,), 0.5)",30.530886740554987
"((1.5,), 1)",30.156607079914266
