state_action,q_value
"((0.5,), 0)",11.005290175994334
"((0.5,), 0.5)",10.897653158211666
"((0.5,), 1)",10.868665630597349
