state_action,q_value
"((1.5,), 0)",84.3983564044523
"((1.5,), 0.5)",84.51853733087812
"((1.5,), 1)",85.62462061604391
