state_action,q_value
"((1.0,), 0)",83.34929430465857
"((1.0,), 0.5)",84.0976442430579
"((1.0,), 1)",85.18190598607606
