state_action,q_value
"((2.0,), 0)",84.9861685711708
"((2.0,), 0.5)",85.18558882606074
"((2.0,), 1)",86.01631111706075
