state_action,q_value
"((0.5,), 0)",82.98613027803138
"((0.5,), 0.5)",83.01637530700815
"((0.5,), 1)",85.1520811548745
