state_action,q_value
"((1.0,), 0)",85.09364720837931
"((1.0,), 0.5)",85.29012584886976
"((1.0,), 1)",85.86562580554208
