state_action,q_value
"((1.5,), 0)",85.39721516201367
"((1.5,), 0.5)",85.3761424495217
"((1.5,), 1)",86.00447937518813
