state_action,q_value
"((2.0,), 0)",86.13005674949241
"((2.0,), 0.5)",85.7001231126953
"((2.0,), 1)",86.50112864945461
