state_action,q_value
"((0.5,), 0)",84.5302243133274
"((0.5,), 0.5)",84.59437740027582
"((0.5,), 1)",85.63583716893929
