state_action,q_value
"((0.5,), 0)",11.159157538705879
"((0.5,), 0.5)",11.038844684705648
"((0.5,), 1)",10.827839512045655
