state_action,q_value
"((1.5,), 0)",30.85954118734755
"((1.5,), 0.5)",30.472303818847646
"((1.5,), 1)",30.114431668168336
