state_action,q_value
"((1.0,), 0)",21.081014304954266
"((1.0,), 0.5)",20.704402357407236
"((1.0,), 1)",20.477237859158507
