state_action,q_value
"((2.0,), 0)",40.768927387395536
"((2.0,), 0.5)",40.2150946575004
"((2.0,), 1)",39.74145767997452
