state_action,q_value
"((1.5,), 0)",30.906477724156026
"((1.5,), 0.5)",30.581290581209718
"((1.5,), 1)",30.126981657744288
