state_action,q_value
"((0.5,), 0)",10.881821661709948
"((0.5,), 0.5)",10.839465973222023
"((0.5,), 1)",10.826561026817615
