state_action,q_value
"((2.0,), 0)",40.69614349187046
"((2.0,), 0.5)",40.219505909783585
"((2.0,), 1)",39.74610596965098
