state_action,q_value
"((1.0,), 0)",20.918881637972376
"((1.0,), 0.5)",20.762604497516346
"((1.0,), 1)",20.50361588175576
