state_action,q_value
"((1.5,), 0)",30.60441380847436
"((1.5,), 0.5)",30.162067530554154
"((1.5,), 1)",29.702163057035225
