state_action,q_value
"((2.0,), 0)",40.593396168976554
"((2.0,), 0.5)",40.00156522541117
"((2.0,), 1)",39.32885367559873
