state_action,q_value
"((0.5,), 0)",10.788025973388656
"((0.5,), 0.5)",10.637936425595207
"((0.5,), 1)",10.54018921211345
