state_action,q_value
"((1.0,), 0)",20.7116001395791
"((1.0,), 0.5)",20.423365758754613
"((1.0,), 1)",20.085629944640306
