state_action,q_value
"((2.0,), 0)",40.453268768917745
"((2.0,), 0.5)",39.87157164207106
"((2.0,), 1)",39.269558961421104
