state_action,q_value
"((1.5,), 0)",30.718248602395388
"((1.5,), 0.5)",30.171670160222853
"((1.5,), 1)",29.705130063872193
