state_action,q_value
"((1.0,), 0)",20.70855628277886
"((1.0,), 0.5)",20.385319366272316
"((1.0,), 1)",20.0810767482905
