state_action,q_value
"((0.5,), 0)",10.817672329095787
"((0.5,), 0.5)",10.69444757794959
"((0.5,), 1)",10.458790810277772
