state_action,q_value
"((0.5,), 0)",10.845195281049905
"((0.5,), 0.5)",10.644288610244798
"((0.5,), 1)",10.479308800337895
