state_action,q_value
"((2.0,), 0)",40.56196350558633
"((2.0,), 0.5)",39.887577087442935
"((2.0,), 1)",39.28959132246313
