state_action,q_value
"((1.0,), 0)",20.723949304505652
"((1.0,), 0.5)",20.41934627975396
"((1.0,), 1)",20.163672655507742
