state_action,q_value
"((1.5,), 0)",30.61722528983752
"((1.5,), 0.5)",30.166930891822904
"((1.5,), 1)",29.74774436916394
