state_action,q_value
"((0.5,), 0)",10.939399024579041
"((0.5,), 0.5)",10.615691772885432
"((0.5,), 1)",10.488823871441749
