state_action,q_value
"((2.0,), 0)",40.572279483626
"((2.0,), 0.5)",39.85079591551262
"((2.0,), 1)",39.265654450198916
