state_action,q_value
"((1.5,), 0)",30.703548152669025
"((1.5,), 0.5)",30.14620914888662
"((1.5,), 1)",29.686542257324085
