state_action,q_value
"((1.0,), 0)",20.811575302616184
"((1.0,), 0.5)",20.380244702883907
"((1.0,), 1)",20.110956738986214
