state_action,q_value
"((1.0,), 0)",21.12202674098652
"((1.0,), 0.5)",20.733109022362186
"((1.0,), 1)",20.527546271455325
