state_action,q_value
"((0.5,), 0)",11.200493323794337
"((0.5,), 0.5)",10.991819095814698
"((0.5,), 1)",10.86449911606934
