state_action,q_value
"((2.0,), 0)",40.684100993283124
"((2.0,), 0.5)",40.21087865990838
"((2.0,), 1)",39.73450390753457
