state_action,q_value
"((1.5,), 0)",31.006637005586132
"((1.5,), 0.5)",30.60442734905554
"((1.5,), 1)",30.1932068325075
