state_action,q_value
"((2.0,), 0)",40.87980236738237
"((2.0,), 0.5)",40.30625071685144
"((2.0,), 1)",39.74960093274006
