state_action,q_value
"((1.0,), 0)",20.995554672067584
"((1.0,), 0.5)",20.810003343080037
"((1.0,), 1)",20.554412042138377
