state_action,q_value
"((1.5,), 0)",31.0678450776044
"((1.5,), 0.5)",30.52903172795902
"((1.5,), 1)",30.18704545535514
