state_action,q_value
"((0.5,), 0)",11.28652248603226
"((0.5,), 0.5)",11.072053833027645
"((0.5,), 1)",10.971940877543158
