state_action,q_value
"((2.0,), 0)",85.41193583238054
"((2.0,), 0.5)",85.45202554195244
"((2.0,), 1)",86.26751811563206
