state_action,q_value
"((1.0,), 0)",84.5971853699914
"((1.0,), 0.5)",84.38830026596679
"((1.0,), 1)",85.93828018124972
