state_action,q_value
"((1.5,), 0)",85.76251417540033
"((1.5,), 0.5)",85.19276275079136
"((1.5,), 1)",86.25349991943739
