state_action,q_value
"((0.5,), 0)",84.62323534978258
"((0.5,), 0.5)",84.88377959108252
"((0.5,), 1)",85.66713521251096
