state_action,q_value
"((1.0,), 0)",84.65874918154203
"((1.0,), 0.5)",84.61574206081039
"((1.0,), 1)",85.60994192036345
