state_action,q_value
"((0.5,), 0)",83.90019137390206
"((0.5,), 0.5)",83.77061229430406
"((0.5,), 1)",85.29236510000008
