state_action,q_value
"((2.0,), 0)",85.51966477453075
"((2.0,), 0.5)",85.31190730680414
"((2.0,), 1)",85.94645001342874
