state_action,q_value
"((1.5,), 0)",85.11949452413839
"((1.5,), 0.5)",84.95274825422531
"((1.5,), 1)",85.87143355842561
