state_action,q_value
"((1.0,), 0)",80.88117903054629
"((1.0,), 0.5)",80.13868177212947
"((1.0,), 1)",83.25082728457917
