state_action,q_value
"((2.0,), 0)",83.26049170166824
"((2.0,), 0.5)",83.43135378884242
"((2.0,), 1)",85.64401391491357
