state_action,q_value
"((0.5,), 0)",80.9423669975208
"((0.5,), 0.5)",81.04146498553605
"((0.5,), 1)",84.53776219462007
