state_action,q_value
"((1.5,), 0)",82.9392221656323
"((1.5,), 0.5)",82.62627330868412
"((1.5,), 1)",85.1545381296534
