state_action,q_value
"((1.0,), 0)",84.20778330712655
"((1.0,), 0.5)",84.20062456361049
"((1.0,), 1)",85.01810983956828
