state_action,q_value
"((1.5,), 0)",84.67413094256665
"((1.5,), 0.5)",84.68355880469586
"((1.5,), 1)",85.30228702891381
