state_action,q_value
"((2.0,), 0)",85.0200109004463
"((2.0,), 0.5)",85.2196827415863
"((2.0,), 1)",85.57012031395651
