state_action,q_value
"((0.5,), 0)",83.23837363256906
"((0.5,), 0.5)",83.64927070806898
"((0.5,), 1)",84.49750691419854
