state_action,q_value
"((1.5,), 0)",30.900457573808435
"((1.5,), 0.5)",30.536087209786483
"((1.5,), 1)",30.181831071297722
