state_action,q_value
"((2.0,), 0)",40.73961531844019
"((2.0,), 0.5)",40.27672034604964
"((2.0,), 1)",39.83411144619147
