state_action,q_value
"((0.5,), 0)",11.123754655639836
"((0.5,), 0.5)",10.99866390251324
"((0.5,), 1)",10.88511152326461
