state_action,q_value
"((1.0,), 0)",20.976637984628
"((1.0,), 0.5)",20.72809336812694
"((1.0,), 1)",20.502295266845447
