state_action,q_value
"((1.0,), 0)",21.07353225368208
"((1.0,), 0.5)",20.811306770183265
"((1.0,), 1)",20.56103939422134
