state_action,q_value
"((0.5,), 0)",11.25720370717936
"((0.5,), 0.5)",11.041484456905948
"((0.5,), 1)",10.93628292356065
