state_action,q_value
"((1.5,), 0)",30.963195855726962
"((1.5,), 0.5)",30.54466915119205
"((1.5,), 1)",30.228877729236167
