state_action,q_value
"((2.0,), 0)",40.849752267381625
"((2.0,), 0.5)",40.33721144484133
"((2.0,), 1)",39.814507294438826
