state_action,q_value
"((0.5,), 0)",10.915489964253142
"((0.5,), 0.5)",10.625760814206872
"((0.5,), 1)",10.528958754292319
