state_action,q_value
"((2.0,), 0)",40.57026526008791
"((2.0,), 0.5)",39.92726579504701
"((2.0,), 1)",39.320366976418995
