state_action,q_value
"((1.0,), 0)",20.777099450972496
"((1.0,), 0.5)",20.39595094781201
"((1.0,), 1)",20.122962686931338
