state_action,q_value
"((1.5,), 0)",30.707326305431017
"((1.5,), 0.5)",30.16214251152494
"((1.5,), 1)",29.65050620203521
