state_action,q_value
"((2.0,), 0)",40.57289305009272
"((2.0,), 0.5)",39.91276087828367
"((2.0,), 1)",39.30732089902946
