state_action,q_value
"((1.5,), 0)",30.516579523541598
"((1.5,), 0.5)",30.124779948932275
"((1.5,), 1)",29.664821324479846
