state_action,q_value
"((1.0,), 0)",20.697639770081114
"((1.0,), 0.5)",20.33396648059737
"((1.0,), 1)",20.068159253911453
