state_action,q_value
"((0.5,), 0)",10.74447485006158
"((0.5,), 0.5)",10.621796021605531
"((0.5,), 1)",10.459014307900862
