state_action,q_value
"((1.0,), 0)",21.02821915083449
"((1.0,), 0.5)",20.82366329952601
"((1.0,), 1)",20.49883568910784
