state_action,q_value
"((2.0,), 0)",40.8153388544219
"((2.0,), 0.5)",40.29293476003671
"((2.0,), 1)",39.7670037998141
