state_action,q_value
"((1.5,), 0)",30.853748915024237
"((1.5,), 0.5)",30.502215140194625
"((1.5,), 1)",30.151619806328398
