state_action,q_value
"((0.5,), 0)",11.151328380708007
"((0.5,), 0.5)",11.006019417263223
"((0.5,), 1)",10.910165529126088
