state_action,q_value
"((1.0,), 0)",20.801770705261333
"((1.0,), 0.5)",20.683926792040534
"((1.0,), 1)",20.43575697358953
