state_action,q_value
"((0.5,), 0)",10.891045160034317
"((0.5,), 0.5)",10.879831472408478
"((0.5,), 1)",10.771097997456875
