state_action,q_value
"((2.0,), 0)",40.53456548088466
"((2.0,), 0.5)",40.0947754229262
"((2.0,), 1)",39.61647865871948
