state_action,q_value
"((1.5,), 0)",30.777353104777642
"((1.5,), 0.5)",30.547058595239868
"((1.5,), 1)",30.17973104368996
