state_action,q_value
"((2.0,), 0)",81.85366336909945
"((2.0,), 0.5)",81.8094535158242
"((2.0,), 1)",83.280177172332
