state_action,q_value
"((0.5,), 0)",77.80357347168398
"((0.5,), 0.5)",77.27222865341994
"((0.5,), 1)",80.018854417865
