state_action,q_value
"((1.0,), 0)",79.19004890259573
"((1.0,), 0.5)",79.19141997490716
"((1.0,), 1)",81.18681442886891
