state_action,q_value
"((1.5,), 0)",79.87711317228802
"((1.5,), 0.5)",80.02317779721416
"((1.5,), 1)",81.86518790541044
