state_action,q_value
"((2.0,), 0)",85.10650511496262
"((2.0,), 0.5)",84.42804638809694
"((2.0,), 1)",85.93754303457379
