state_action,q_value
"((1.5,), 0)",83.83574179446339
"((1.5,), 0.5)",84.41662537632673
"((1.5,), 1)",85.50935225700668
