state_action,q_value
"((0.5,), 0)",82.99354664734737
"((0.5,), 0.5)",83.15182649378916
"((0.5,), 1)",84.93076723472389
