state_action,q_value
"((1.0,), 0)",83.651197124776
"((1.0,), 0.5)",84.09173787453253
"((1.0,), 1)",85.25632526766852
