state_action,q_value
"((1.0,), 0)",20.719784156603808
"((1.0,), 0.5)",20.421727551043467
"((1.0,), 1)",20.067325681089017
