state_action,q_value
"((1.5,), 0)",30.60112999816957
"((1.5,), 0.5)",30.116350839909686
"((1.5,), 1)",29.68667855269267
