state_action,q_value
"((0.5,), 0)",10.778100974074434
"((0.5,), 0.5)",10.636034985049369
"((0.5,), 1)",10.505081076807537
