state_action,q_value
"((2.0,), 0)",40.50885644685258
"((2.0,), 0.5)",39.93620107780005
"((2.0,), 1)",39.32721342031991
