state_action,q_value
"((2.0,), 0)",40.58734250155158
"((2.0,), 0.5)",39.91720310505838
"((2.0,), 1)",39.2812433876021
