state_action,q_value
"((1.5,), 0)",30.696165786236
"((1.5,), 0.5)",30.236629332090484
"((1.5,), 1)",29.73274141863206
