state_action,q_value
"((1.0,), 0)",20.768579715717124
"((1.0,), 0.5)",20.50497267116657
"((1.0,), 1)",20.137508518091796
