state_action,q_value
"((0.5,), 0)",10.829499969937924
"((0.5,), 0.5)",10.70772445343404
"((0.5,), 1)",10.540796355860584
