state_action,q_value
"((0.5,), 0)",11.072920913150648
"((0.5,), 0.5)",10.870438943177403
"((0.5,), 1)",10.788738445291978
