state_action,q_value
"((1.0,), 0)",21.00568967434735
"((1.0,), 0.5)",20.79490984616838
"((1.0,), 1)",20.469387491216697
