state_action,q_value
"((1.5,), 0)",30.809759274986877
"((1.5,), 0.5)",30.562521185415378
"((1.5,), 1)",30.133799573317784
