state_action,q_value
"((2.0,), 0)",40.77961063458985
"((2.0,), 0.5)",40.36388513020508
"((2.0,), 1)",39.83250780860766
