state_action,q_value
"((0.5,), 0)",11.13822566742102
"((0.5,), 0.5)",11.050495207834041
"((0.5,), 1)",10.935689499940775
