state_action,q_value
"((1.0,), 0)",21.075151290536986
"((1.0,), 0.5)",20.935692721860377
"((1.0,), 1)",20.647638512059075
