state_action,q_value
"((2.0,), 0)",40.82067789127417
"((2.0,), 0.5)",40.30774270497009
"((2.0,), 1)",39.80199888693716
