state_action,q_value
"((1.5,), 0)",30.92148002098193
"((1.5,), 0.5)",30.680827445672698
"((1.5,), 1)",30.233456385808097
